id,first_name,last_name,email,ip_address
1,Giorgia,Tyne,gtyne0@deliciousdays.com,176.146.145.226
2,Rodrick,Radke,rradke1@ocn.ne.jp,195.106.169.187
3,Sheffie,Everit,severit2@mediafire.com,101.252.250.216
4,Grantham,Tulip,gtulip3@topsy.com,8.64.254.27
5,Olenka,De Mars,odemars4@mac.com,85.77.178.159
6,Benoit,Jedrachowicz,bjedrachowicz5@tripadvisor.com,212.124.154.115
7,Jesse,Swash,jswash6@hexun.com,31.162.188.22
8,Sile,Gritskov,sgritskov7@apple.com,22.69.152.215
9,Freemon,Tice,ftice8@e-recht24.de,86.188.191.247
10,Marice,Treend,mtreend9@sphinn.com,156.90.112.42
13,carlos,Treend,mtreend9@sphinn.com,156.90.112.42
